group,depth_um,half_width_um,thickness_um,blocks_rod,preset,tau_factor,tau_p_s,energy_J,window_s,window_factor,peak_at_window_end,dT_base_max_K,dT_base_center_max_K,t_base_peak_s,void_minus_base_K,t_peak_s,base_at_peak_K,dRR_diff,ratio,scale,scaled_void_minus_base_K,scaled_dRR_diff,noise_ok,ratio_ok,detectable,limiting,n_cells,n_steps,wall_s
main,2,2,10.0,False,2~5,1.0,6.896551724137931e-08,5e-09,3.4500000000000003e-07,1.0,False,1.0248540515623858,1.244977935938266,6.864530653266347e-08,0.020025209451944193,9.416656463705395e-08,0.4758301832251277,-3.0037814177916287e-06,0.04208478183585454,9.75748691704447,0.19539571923842072,2.9309357885763105e-05,True,True,True,,15096,279,1.6461057662963867
boundary,2,3,10.0,False,2~5,1.0,6.896551724137931e-08,5e-09,3.4500000000000003e-07,1.0,False,1.0248544517644973,1.244885302090438,6.864530653266347e-08,0.04762364883629289,9.251459055764741e-08,0.488778594335713,-7.1435473254439324e-06,0.09743399033465656,9.757483106779649,0.4646869490033341,6.970304235050011e-05,True,True,True,,14948,279,1.6408791542053223
main,2,5,10.0,False,2~5,1.0,6.896551724137931e-08,5e-09,3.4500000000000003e-07,1.0,False,1.02486275944932,1.2448688432348263,6.864530653266347e-08,0.12348161395408397,9.581853871646049e-08,0.46363863958765705,-1.8522242093112592e-05,0.2663315854431458,9.757404011219226,1.2048599953074028,0.00018072899929611041,True,True,True,,14948,279,1.670116662979126
boundary,2,7,10.0,False,2~5,1.0,6.896551724137931e-08,5e-09,3.4500000000000003e-07,1.0,False,1.0248623968569746,1.2448582217497801,6.864530653266347e-08,0.2161420846092028,9.747051279586703e-08,0.4520967289194573,-3.242131269138042e-05,0.47808814084056184,9.757407463350964,2.108986389510071,0.00031634795842651065,True,True,True,,14948,279,1.7518668174743652
main,2,10,10.0,False,2~5,1.0,6.896551724137931e-08,5e-09,3.4500000000000003e-07,1.0,False,1.0248502175993508,1.244828974472398,6.864530653266347e-08,0.3279355636016703,1.007744609546801e-07,0.43075791353686554,-4.9190334540250545e-05,0.7612989878910364,9.75752341978752,3.1998389420245177,0.0004799758413036776,True,True,True,,14800,279,1.7893381118774414
boundary,2,14,10.0,False,2~5,1.0,6.896551724137931e-08,5e-09,3.4500000000000003e-07,1.0,False,1.0248502648477142,1.2448289895320954,6.864530653266347e-08,0.4292326332482048,1.0242643503408664e-07,0.4208651934176828,-6.438489498723071e-05,1.019881520167,9.757522969939352,4.188247278366912,0.0006282370917550368,True,True,True,,14800,279,1.8242383003234863
main,2,20,10.0,False,2~5,1.0,6.896551724137931e-08,5e-09,3.4500000000000003e-07,1.0,False,1.0248589381579336,1.244849569392727,6.864530653266347e-08,0.5014472975301487,1.0651912721011078e-07,0.3982641077562903,-7.52170946295223e-05,1.2590823219173928,9.757440392698193,4.892842115730022,0.0007339263173595032,True,True,True,,15836,279,1.8382594585418701
boundary,2,25,10.0,False,2~5,1.0,6.896551724137931e-08,5e-09,3.4500000000000003e-07,1.0,False,1.024853779697935,1.24483732685934,6.864530653266347e-08,0.5326562352288988,1.0651912721011078e-07,0.39826340432233565,-7.989843528433482e-05,1.3374471002055512,9.7574895054272,5.197387625246343,0.0007796081437869513,True,True,True,,18204,279,2.255969524383545
main,2,30,10.0,False,2~5,1.0,6.896551724137931e-08,5e-09,3.4500000000000003e-07,1.0,False,1.0248560885570441,1.2448428064785162,6.864530653266347e-08,0.5509935344318819,1.0895984530672839e-07,0.3859237215705207,-8.264903016478228e-05,1.4277265263446566,9.75746752315205,5.376301517685849,0.0008064452276528773,True,True,True,,20868,279,2.5852928161621094
boundary,2,35,10.0,False,2~5,1.0,6.896551724137931e-08,5e-09,3.4500000000000003e-07,1.0,False,1.0248577218196715,1.2448466826833169,6.864530653266347e-08,0.5624356347676667,1.0895984530672839e-07,0.38592392420503074,-8.436534521514999e-05,1.4573743670497612,9.75745197318184,5.48793869425155,0.0008231908041377324,True,True,True,,23384,279,2.9514596462249756
main,2,40,10.0,False,2~5,1.0,6.896551724137931e-08,5e-09,3.4500000000000003e-07,1.0,False,1.0248546485883594,1.2448393890023226,6.864530653266347e-08,0.5693288529192273,1.11400563403346e-07,0.3743292518200292,-8.539932793788408e-05,1.520930705124136,9.757481232850001,5.5552155976793784,0.0008332823396519067,True,True,True,,24864,279,3.4718499183654785
main,2,80,10.0,True,2~5,1.0,6.896551724137931e-08,5e-09,3.4500000000000003e-07,1.0,False,1.0248546485883594,1.2448393890023226,6.864530653266347e-08,0.575389129039138,1.11400563403346e-07,0.3743292518200292,-8.630836935587069e-05,1.5371203993316953,9.757481232850001,5.614348628185296,0.0008421522942277943,True,True,True,,24864,279,3.466461181640625
main,5,2,10.0,False,5~10,1.0,4.310344827586208e-07,1e-08,2.16e-06,1.0,False,0.5622871739184347,0.6566326244947618,4.290331658291443e-07,0.003788035553895952,4.883356626453533e-07,0.26929113808580496,-5.682053330843927e-07,0.014066692208374715,17.784506678878287,0.06736834360809098,1.0105251541213645e-05,True,False,False,비율,9024,279,0.776444673538208
boundary,5,3,10.0,False,5~10,1.0,4.310344827586208e-07,1e-08,2.16e-06,1.0,False,0.5624205835033536,0.6564701894286031,4.290331658291443e-07,0.008887192548286293,4.883356626453533e-07,0.2693849334603442,-1.333078882242944e-06,0.03299068152820271,17.78028808566956,0.1580168437813461,2.370252656720191e-05,True,True,True,,8460,279,0.6972639560699463
main,5,5,10.0,False,5~10,1.0,4.310344827586208e-07,1e-08,2.16e-06,1.0,False,0.5621821580345454,0.6556782539206552,4.290331658291443e-07,0.025509724012238166,4.930655898941487e-07,0.2608225009498142,-3.826458601835725e-06,0.09780492066191247,17.787828832848714,0.4537626043029032,6.806439064543548e-05,True,True,True,,7614,279,0.6518592834472656
boundary,5,7,10.0,False,5~10,1.0,4.310344827586208e-07,1e-08,2.16e-06,1.0,False,0.5620545312070817,0.6553542825299132,4.290331658291443e-07,0.04952923953601385,4.977955171429442e-07,0.25279135370226413,-7.429385930402076e-06,0.19592932594660273,17.791867950114664,0.8812176894943569,0.00013218265342415352,True,True,True,,7332,279,0.6505334377288818
main,5,10,10.0,False,5~10,1.0,4.310344827586208e-07,1e-08,2.16e-06,1.0,False,0.562025603227994,0.6552850200027933,4.290331658291443e-07,0.08426700271604659,5.072553716405351e-07,0.23819469366515023,-1.2640050407406987e-05,0.3537736354215666,17.79278371406036,1.4993445535587537,0.00022490168303381303,True,True,True,,7332,279,0.62115478515625
boundary,5,14,10.0,False,5~10,1.0,4.310344827586208e-07,1e-08,2.16e-06,1.0,False,0.5620526970487845,0.6553515827986871,4.290331658291443e-07,0.11673286316386111,5.189735556517895e-07,0.2223499641828539,-1.7509929474579166e-05,0.5249960960994962,17.79192601068869,2.0769024644272642,0.0003115353696640896,True,True,True,,7332,279,0.6513969898223877
main,5,20,10.0,False,5~10,1.0,4.310344827586208e-07,1e-08,2.16e-06,1.0,False,0.5620252002626671,0.6552848390093686,4.290331658291443e-07,0.14772753509583936,5.259618124142485e-07,0.21386722265265234,-2.21591302643759e-05,0.6907441601547691,17.79279647127285,2.6284859651630867,0.000394272894774463,True,True,True,,8037,279,0.681943416595459
boundary,5,25,10.0,False,5~10,1.0,4.310344827586208e-07,1e-08,2.16e-06,1.0,False,0.5620251585947926,0.6552848166653575,4.290331658291443e-07,0.16287588362189354,5.329500691767075e-07,0.2060069820870467,-2.4431382543284027e-05,0.7906328318186397,17.792797790409544,2.8980176622186296,0.0004347026493327944,True,True,True,,8883,279,0.7306575775146484
main,5,30,10.0,False,5~10,1.0,4.310344827586208e-07,1e-08,2.16e-06,1.0,False,0.5620251585880851,0.6552848168294645,4.290331658291443e-07,0.17109944728269966,5.399383259391665e-07,0.19869503261230648,-2.5664917092404947e-05,0.8611158770966797,17.792797790621893,3.0443378675882458,0.0004566506801382368,True,True,True,,10011,279,0.9740066528320312
boundary,5,35,10.0,False,5~10,1.0,4.310344827586208e-07,1e-08,2.16e-06,1.0,False,0.5620251586111635,0.6552848168422543,4.290331658291443e-07,0.17446366837782534,5.399383259391665e-07,0.19869503272525435,-2.61695502566738e-05,0.8780474578801628,17.792797789891267,3.104196773129294,0.00046562951596939407,True,True,True,,10716,279,1.2720088958740234
main,5,40,10.0,False,5~10,1.0,4.310344827586208e-07,1e-08,2.16e-06,1.0,False,0.562046503608542,0.6553411577244219,4.290331658291443e-07,0.1769724229222902,5.399383259391665e-07,0.19869359952303967,-2.654586343834353e-05,0.8906800387486524,17.792122067829585,3.1487149512729498,0.0004723072426909424,True,True,True,,10998,279,1.1760735511779785
main,5,80,10.0,True,5~10,1.0,4.310344827586208e-07,1e-08,2.16e-06,1.0,False,0.562046503608542,0.6553411577244219,4.290331658291443e-07,0.17916164240546095,5.469265827016255e-07,0.19187014739674169,-2.687424636081914e-05,0.9337650741206626,17.792122067829585,3.1876658115507945,0.0004781498717326191,True,True,True,,10998,279,1.0499513149261475
main,10,2,10.0,False,10~20,1.0,1.7241379310344831e-06,2e-08,8.620689655172416e-06,1.0,False,0.3460302739084682,0.3958256090422765,1.7161326633165773e-06,0.0005365878018324111,1.8581667122976662e-06,0.13895480518118575,-8.048817027486166e-08,0.0038615994684944093,28.899205514732497,0.015506961161853402,2.32604417427801e-06,False,False,False,잡음+비율,7124,279,0.5638720989227295
boundary,10,3,10.0,False,10~20,1.0,1.7241379310344831e-06,2e-08,8.620689655172416e-06,1.0,False,0.3460904695953104,0.3957286220364722,1.7161326633165773e-06,0.001268445082018843,1.8581667122976662e-06,0.13898602100067592,-1.9026676230282646e-07,0.009126422016302448,28.894179061599626,0.036650679329657876,5.497601899448681e-06,True,False,False,비율,6713,279,0.5073862075805664
main,10,5,10.0,False,10~20,1.0,1.7241379310344831e-06,2e-08,8.620689655172416e-06,1.0,False,0.34598375240409496,0.39532789041919614,1.7161326633165773e-06,0.003801446764271077,1.8709723160637334e-06,0.1332051416906097,-5.702170146406615e-07,0.028538288507665464,28.903091346094214,0.10987356307504122,1.6481034461256182e-05,True,True,True,,6028,279,0.42984724044799805
boundary,10,7,10.0,False,10~20,1.0,1.7241379310344831e-06,2e-08,8.620689655172416e-06,1.0,False,0.34570772337440303,0.3946683123820094,1.7161326633165773e-06,0.007741158995202113,1.8709723160637334e-06,0.1332009910959755,-1.1611738492803168e-06,0.05811637684906087,28.92616891052201,0.22392207265842315,3.358831089876347e-05,True,True,True,,5617,279,0.3944520950317383
main,10,10,10.0,False,10~20,1.0,1.7241379310344831e-06,2e-08,8.620689655172416e-06,1.0,False,0.3452055310415858,0.3933404408168144,1.7161326633165773e-06,0.015660026452565035,1.8965835235958678e-06,0.12304212085928157,-2.349003967884755e-06,0.12727370386011788,28.968249639068883,0.4536435556323262,6.804653334484892e-05,True,True,True,,4932,279,0.33240723609924316
boundary,10,14,10.0,False,10~20,1.0,1.7241379310344831e-06,2e-08,8.620689655172416e-06,1.0,False,0.344977352076171,0.3926981986361966,1.7161326633165773e-06,0.028115817834361678,1.9155032325910494e-06,0.11656311655514173,-4.217372675154251e-06,0.24120681280052353,28.987410158426865,0.8150047435042549,0.00012225071152563823,True,True,True,,4658,279,0.30841875076293945
main,10,20,10.0,False,10~20,1.0,1.7241379310344831e-06,2e-08,8.620689655172416e-06,1.0,False,0.34490506960975154,0.39254256615885197,1.7161326633165773e-06,0.042245306785105186,1.972262359576595e-06,0.10076506905852511,-6.336796017765777e-06,0.4192455498697549,28.99348510972791,1.2248386732298346,0.00018372580098447518,True,True,True,,5343,279,0.3579978942871094
boundary,10,25,10.0,False,10~20,1.0,1.7241379310344831e-06,2e-08,8.620689655172416e-06,1.0,False,0.3449668728957249,0.3927211445042076,1.7161326633165773e-06,0.049498527937998915,1.9911820685717767e-06,0.09643999086245003,-7.424779190699837e-06,0.5132572856482063,28.988290719215687,1.4348777180399324,0.00021523165770598982,True,True,True,,5754,279,0.4396514892578125
main,10,30,10.0,False,10~20,1.0,1.7241379310344831e-06,2e-08,8.620689655172416e-06,1.0,False,0.34490250927649413,0.39254021242317094,1.7161326633165773e-06,0.05308953461775445,2.0101017775669586e-06,0.09249171368463749,-7.963430192663168e-06,0.5739923340459462,28.993700338617753,1.5392620578238463,0.00023088930867357692,True,True,True,,6028,279,0.5069775581359863
boundary,10,35,10.0,False,10~20,1.0,1.7241379310344831e-06,2e-08,8.620689655172416e-06,1.0,False,0.3449479305722889,0.39266998386250407,1.7161326633165773e-06,0.056048203699447185,2.0290214865621404e-06,0.08885073434282731,-8.407230554917078e-06,0.6308130609611761,28.98988256984007,1.6248308434974497,0.00024372462652461744,True,True,True,,6302,279,0.49768853187561035
main,10,40,10.0,False,10~20,1.0,1.7241379310344831e-06,2e-08,8.620689655172416e-06,1.0,False,0.3449024061575301,0.3925401239262669,1.7161326633165773e-06,0.05806771809864131,2.0290214865621404e-06,0.08885522965437076,-8.710157714796195e-06,0.6535092906125304,28.993709007157864,1.6835985212616802,0.000252539778189252,True,True,True,,6165,279,0.47894763946533203
main,10,80,10.0,True,10~20,1.0,1.7241379310344831e-06,2e-08,8.620689655172416e-06,1.0,False,0.3449024061575301,0.3925401239262669,1.7161326633165773e-06,0.060312595051073004,2.0479411955573222e-06,0.0854969596043702,-9.04688925766095e-06,0.7054355538508542,28.993709007157864,1.7486858303773603,0.000262302874556604,True,True,True,,6165,279,0.46485352516174316
main,20,2,10.0,False,20~40,1.0,6.8965517241379325e-06,5.0000000000000004e-08,3.45e-05,1.0,False,0.2468327231835019,0.27934123990758053,6.864530653266309e-06,5.6322195632674266e-05,7.381444434126396e-06,0.06437772177025636,-8.448329344901138e-09,0.000874870903845748,40.5132669243605,0.002281796145432584,3.4226942181488754e-07,False,False,False,잡음+비율,6768,279,0.5736093521118164
boundary,20,3,10.0,False,20~40,1.0,6.8965517241379325e-06,5.0000000000000004e-08,3.45e-05,1.0,False,0.24690432779090088,0.279307118061638,6.864530653266309e-06,0.00013436041592740366,7.381444434126396e-06,0.06439578525396428,-2.0154062389110547e-08,0.002086478414658858,40.50151769096908,0.005441800762649703,8.162701143974554e-07,False,False,False,잡음+비율,6204,279,0.4757816791534424
main,20,5,10.0,False,20~40,1.0,6.8965517241379325e-06,5.0000000000000004e-08,3.45e-05,1.0,False,0.24684302079901954,0.2790424427525977,6.864530653266309e-06,0.00041600622040505186,7.432666849190665e-06,0.06116500344870701,-6.240093306075778e-08,0.006801376554387261,40.51157682170012,0.01685306795624437,2.5279601934366553e-06,False,False,False,잡음+비율,5640,279,0.4999361038208008
boundary,20,7,10.0,False,20~40,1.0,6.8965517241379325e-06,5.0000000000000004e-08,3.45e-05,1.0,False,0.2466291868956887,0.27857181916971285,6.864530653266309e-06,0.0008908212776077562,7.432666849190665e-06,0.061168146981572136,-1.3362319164116343e-07,0.014563483145502676,40.54670140979494,0.03611986435265374,5.417979652898061e-06,True,False,False,비율,5217,279,0.3709259033203125
main,20,10,10.0,False,20~40,1.0,6.8965517241379325e-06,5.0000000000000004e-08,3.45e-05,1.0,False,0.24627957893312669,0.27766818726155407,6.864530653266309e-06,0.001997275234771223,7.483889264254934e-06,0.05831765440802883,-2.9959128521568344e-07,0.0342482093123459,40.60425977387001,0.08109788247256795,1.2164682370885192e-05,True,True,True,,4653,279,0.34487247467041016
boundary,20,14,10.0,False,20~40,1.0,6.8965517241379325e-06,5.0000000000000004e-08,3.45e-05,1.0,False,0.24561603166057466,0.2759547426436484,6.864530653266309e-06,0.004151601940918681,7.5351116793192024e-06,0.055731757919545544,-6.227402911378021e-07,0.07449257112815175,40.71395475446549,0.1690281335811143,2.535422003716714e-05,True,True,True,,4371,279,0.3073728084564209
main,20,20,10.0,False,20~40,1.0,6.8965517241379325e-06,5.0000000000000004e-08,3.45e-05,1.0,False,0.24519067662572525,0.27486837546200604,6.864530653266309e-06,0.008472301988661002,7.662012930364198e-06,0.05047685229737908,-1.2708452982991502e-06,0.1678452915159472,40.78458503242617,0.345539320876938,5.183089813154069e-05,True,True,True,,4653,279,0.30884552001953125
boundary,20,25,10.0,False,20~40,1.0,6.8965517241379325e-06,5.0000000000000004e-08,3.45e-05,1.0,False,0.2450265793197559,0.2744632875046591,6.864530653266309e-06,0.012083942078334076,7.737691766344925e-06,0.047906635491472116,-1.8125913117501111e-06,0.2522394226679756,40.811898969336525,0.4931686232522847,7.397529348784271e-05,True,True,True,,4935,279,0.3280668258666992
main,20,30,10.0,False,20~40,1.0,6.8965517241379325e-06,5.0000000000000004e-08,3.45e-05,1.0,False,0.2451692511181136,0.27484709273255703,6.864530653266309e-06,0.01584425591437366,7.964728274287107e-06,0.042039006439893,-2.376638387156049e-06,0.3768941575017392,40.78814922505255,0.6462578745953943,9.693868118930914e-05,True,True,True,,4794,279,0.31410884857177734
boundary,20,35,10.0,False,20~40,1.0,6.8965517241379325e-06,5.0000000000000004e-08,3.45e-05,1.0,False,0.24521831498640267,0.27505137015089076,6.864530653266309e-06,0.019581642514935993,8.191764782229289e-06,0.03780659722372093,-2.9372463772403985e-06,0.51794247440629,40.77998823438004,0.7985391513689258,0.00011978087270533887,True,True,True,,5217,279,0.3592345714569092
main,20,40,10.0,False,20~40,1.0,6.8965517241379325e-06,5.0000000000000004e-08,0.000138,4.0,False,0.2451692511181136,0.27484709273255703,6.864530653266309e-06,0.036410588886042206,4.198168446201368e-05,0.008665776162388283,-5.46158833290633e-06,4.20165351651634,40.78814922505255,1.4851205328559294,0.00022276807992838938,True,True,True,,4794,311,0.710707426071167
main,20,80,10.0,True,20~40,1.0,6.8965517241379325e-06,5.0000000000000004e-08,0.000138,4.0,False,0.2451692511181136,0.27484709273255703,6.864530653266309e-06,0.03985287180876185,4.0263421677047044e-05,0.008892290431390393,-5.977930771314276e-06,4.481733037877225,40.78814922505255,1.6255248823826682,0.00024382873235740023,True,True,True,,4794,311,0.7038371562957764
main,40,2,10.0,False,40~100,1.0,2.758620689655173e-05,9.000000000000001e-08,0.000138,1.0,False,0.13015368071501143,0.14465380101364644,2.7458122613065236e-05,7.872981939271995e-06,3.064805172145679e-05,0.028678101877346762,-1.1809472908907991e-09,0.00027452939434220275,76.83224896187387,0.0006048989084304825,9.073483626457237e-08,False,False,False,잡음+비율,6096,279,0.4526338577270508
boundary,40,3,10.0,False,40~100,1.0,2.758620689655173e-05,9.000000000000001e-08,0.000138,1.0,False,0.13018605502179526,0.14463923955099744,2.7458122613065236e-05,1.863733524487543e-05,3.064805172145679e-05,0.0286778633906124,-2.7956002867313143e-09,0.0006498857669771974,76.81314253147804,0.0014315922885715555,2.1473884328573332e-07,False,False,False,잡음+비율,5588,279,0.39492297172546387
main,40,5,10.0,False,40~100,1.0,2.758620689655173e-05,9.000000000000001e-08,0.000138,1.0,False,0.1301592780324654,0.1445223290036779,2.7458122613065236e-05,5.7409812654896086e-05,3.064805172145679e-05,0.028677945132983496,-8.611471898234413e-09,0.0020018802738020125,76.82894489861658,0.004410735333102912,6.616102999654368e-07,False,False,False,잡음+비율,5080,279,0.3567085266113281
boundary,40,7,10.0,False,40~100,1.0,2.758620689655173e-05,9.000000000000001e-08,0.000138,1.0,False,0.1300644560094497,0.14431382482393929,2.7458122613065236e-05,0.00012416188383213012,3.064805172145679e-05,0.02867874180117269,-1.8624282574819516e-08,0.00432940484952004,76.8849561733719,0.009546180996836618,1.4319271495254926e-06,False,False,False,잡음+비율,4699,279,0.330747127532959
main,40,10,10.0,False,40~100,1.0,2.758620689655173e-05,9.000000000000001e-08,0.000138,1.0,False,0.12991018384218478,0.14391412714371654,2.7458122613065236e-05,0.0002894587019000028,3.064805172145679e-05,0.02867941210263325,-4.3418805285000415e-08,0.010092909187403657,76.97625932196375,0.022281448100453616,3.342217215068042e-06,True,False,False,비율,4191,279,0.2800590991973877
boundary,40,14,10.0,False,40~100,1.0,2.758620689655173e-05,9.000000000000001e-08,0.000138,1.0,False,0.12958457097835208,0.1431230612745935,2.7458122613065236e-05,0.0006583340299357587,3.09507670653797e-05,0.028035495686140166,-9.87501044903638e-08,0.023482161232527006,77.16968096202258,0.050803427056585124,7.620514058487768e-06,True,True,True,,3937,279,0.25803208351135254
main,40,20,10.0,False,40~100,1.0,2.758620689655173e-05,9.000000000000001e-08,0.000138,1.0,False,0.12936594147333835,0.1426111266529233,2.7458122613065236e-05,0.0016374344986047618,3.155619775322552e-05,0.026980909123892616,-2.456151747907142e-07,0.060688633251232874,77.30009835750276,0.1265738477961163,1.8986077169417443e-05,True,True,True,,4191,279,0.29282283782958984
boundary,40,25,10.0,False,40~100,1.0,2.758620689655173e-05,9.000000000000001e-08,0.000138,1.0,False,0.12928217290243538,0.14242037168719435,2.7458122613065236e-05,0.002881172103116114,3.216162844107134e-05,0.026128594657052417,-4.321758154674171e-07,0.11026892723977605,77.35018506802668,0.22285919538886706,3.342887930833006e-05,True,True,True,,4445,279,0.29825377464294434
main,40,30,10.0,False,40~100,1.0,2.758620689655173e-05,9.000000000000001e-08,0.000138,1.0,False,0.12934947237192773,0.14259466422129208,2.7458122613065236e-05,0.004808924385201863,3.321430756171453e-05,0.024938419243767385,-7.213386577802794e-07,0.19283196493714053,77.30994040119691,0.3717776576138185,5.576664864207277e-05,True,True,True,,4318,279,0.32123374938964844
boundary,40,35,10.0,False,40~100,1.0,2.758620689655173e-05,9.000000000000001e-08,0.000138,1.0,False,0.12936352065457868,0.14267748846390305,2.7458122613065236e-05,0.007872383285530304,3.5003301292904034e-05,0.023314866067039475,-1.1808574928295455e-06,0.3376550936597313,77.30154489766556,0.6085473899980528,9.128210849970791e-05,True,True,True,,4699,279,0.35949134826660156
main,40,40,10.0,False,40~100,1.0,2.758620689655173e-05,9.000000000000001e-08,0.000138,1.0,False,0.12934947237192773,0.14259466422129208,2.7458122613065236e-05,0.028889163656401706,0.00010007029698059701,0.009814005882617494,-4.333374548460255e-06,2.9436668371648333,77.30994040119691,2.23341952051684,0.00033501292807752595,True,True,True,,4318,279,0.2949943542480469
main,40,80,10.0,True,40~100,1.0,2.758620689655173e-05,9.000000000000001e-08,0.000138,1.0,False,0.12934947237192773,0.14259466422129208,2.7458122613065236e-05,0.030526148741103043,0.00010007029698059701,0.009814005882617494,-4.578922311165456e-06,3.1104677443867,77.30994040119691,2.359974739852748,0.0003539962109779122,True,True,True,,4318,279,0.3148922920227051
main,100,2,10.0,False,100~200,1.0,0.0001724137931034483,2.0000000000000002e-07,0.0008620689655172415,1.0,False,0.06474694459870989,0.06990274696647703,0.00017161326633165867,2.0657419668168586e-06,0.00019722623595766066,0.021157082335093946,-3.0986129502252876e-10,9.76383195990283e-05,154.4474424542846,0.0003190485635453475,4.785728453180212e-08,False,False,False,잡음+비율,4450,279,0.3835172653198242
boundary,100,3,10.0,False,100~200,1.0,0.0001724137931034483,2.0000000000000002e-07,0.0008620689655172415,1.0,False,0.06475845420823134,0.0698975678189413,0.00017161326633165867,4.8858868240131414e-06,0.00019722623595766066,0.02115708097346669,-7.328830236019712e-10,0.00023093388119753294,154.41999229698902,0.0007544786057280694,1.131717908592104e-07,False,False,False,잡음+비율,4094,279,0.3237438201904297
main,100,5,10.0,False,100~200,1.0,0.0001724137931034483,2.0000000000000002e-07,0.0008620689655172415,1.0,False,0.06474893499245127,0.06985600015036653,0.00017161326633165867,1.5050747379063978e-05,0.00019722623595766066,0.02115708321616694,-2.2576121068595965e-09,0.0007113810171887553,154.4426947125207,0.002324477982660049,3.4867169739900734e-07,False,False,False,잡음+비율,3738,279,0.363309383392334
boundary,100,7,10.0,False,100~200,1.0,0.0001724137931034483,2.0000000000000002e-07,0.0008620689655172415,1.0,False,0.06471522681226816,0.0697818706568114,0.00017161326633165867,3.264454682039286e-05,0.00019722623595766066,0.02115709075309269,-4.896682023058929e-09,0.0015429600979341154,154.52313918343998,0.005044337851907889,7.566506777861833e-07,False,False,False,잡음+비율,3471,279,0.2665724754333496
main,100,10,10.0,False,100~200,1.0,0.0001724137931034483,2.0000000000000002e-07,0.0008620689655172415,1.0,False,0.06466037980641204,0.0696397590635911,0.00017161326633165867,7.685997252337984e-05,0.00019722623595766066,0.02115709711688396,-1.1528995878506975e-08,0.0036328222203056114,154.65421066098273,0.011886718382028129,1.783007757304219e-06,False,False,False,잡음+비율,3115,279,0.21732687950134277
boundary,100,14,10.0,False,100~200,1.0,0.0001724137931034483,2.0000000000000002e-07,0.0008620689655172415,1.0,False,0.0645455251524254,0.06935939927927848,0.00017161326633165867,0.00017905662616612972,0.00019911820685717885,0.02082116364340436,-2.6858493924919456e-08,0.008599741553006357,154.92940798583362,0.0277411370878592,4.16117056317888e-06,True,False,False,비율,2937,279,0.21124839782714844
main,100,20,10.0,False,100~200,1.0,0.0001724137931034483,2.0000000000000002e-07,0.0008620689655172415,1.0,False,0.06446742551804618,0.0691770045289104,0.00017161326633165867,0.0004693329548786096,0.00019911820685717885,0.02081831235233267,-7.039994323179144e-08,0.022544236388403565,155.11709859114396,0.07280156623397821,1.092023493509673e-05,True,True,True,,3115,279,0.22457075119018555
boundary,100,25,10.0,False,100~200,1.0,0.0001724137931034483,2.0000000000000002e-07,0.0008620689655172415,1.0,False,0.06443641028965885,0.06910794570745793,0.00017161326633165867,0.0008750166045956576,0.00020101017775669703,0.02049966382810453,-1.3125249068934863e-07,0.04268443677578905,155.19176122703504,0.13579536797010022,2.036930519551503e-05,True,True,True,,3293,279,0.23389315605163574
main,100,30,10.0,False,100~200,1.0,0.0001724137931034483,2.0000000000000002e-07,0.0008620689655172415,1.0,False,0.06446098049627835,0.06917056009837097,0.00017161326633165867,0.0015693686605118273,0.00020290214865621522,0.020200128818714802,-2.3540529907677407e-07,0.0776910223987213,155.1326077110687,0.24346025276522665,3.6519037914784e-05,True,True,True,,3204,279,0.25702667236328125
boundary,100,35,10.0,False,100~200,1.0,0.0001724137931034483,2.0000000000000002e-07,0.0008620689655172415,1.0,False,0.06446834952140534,0.06920238080346053,0.00017161326633165867,0.002853077629595191,0.0002047941195557334,0.01991277541242198,-4.279616444392786e-07,0.14327875298665727,155.1148753494878,0.4425547808770701,6.638321713156051e-05,True,True,True,,3382,279,0.24206852912902832
main,100,40,10.0,False,100~200,1.0,0.0001724137931034483,2.0000000000000002e-07,0.0008620689655172415,1.0,False,0.06446098049627835,0.06917056009837097,0.00017161326633165867,0.018368996129197512,0.00036310116829511765,0.010615604085160157,-2.7553494193796265e-06,1.7303769038331067,155.1326077110687,2.8496302705569367,0.00042744454058354047,True,True,True,,3204,279,0.24252533912658691
main,100,80,10.0,True,100~200,1.0,0.0001724137931034483,2.0000000000000002e-07,0.0008620689655172415,1.0,False,0.06446098049627835,0.06917056009837097,0.00017161326633165867,0.019037005177665378,0.00036310116829511765,0.010615604085160157,-2.8555507766498064e-06,1.7933039914589248,155.1326077110687,2.9532602562203465,0.00044298903843305196,True,True,True,,3204,279,0.22794008255004883
main,200,2,10.0,False,200~400,1.0,0.0006896551724137932,5.000000000000001e-07,0.00345,1.0,False,0.05606203917238872,0.05928445317624664,0.0006864530653266347,9.672564829088515e-07,0.0007737691766344972,0.022789032474179294,-1.450884724363277e-10,4.244394684174434e-05,178.37381849865227,0.00017253323232402823,2.5879984848604232e-08,False,False,False,잡음+비율,4374,279,0.32516956329345703
boundary,200,3,10.0,False,200~400,1.0,0.0006896551724137932,5.000000000000001e-07,0.00345,1.0,False,0.056069233370863,0.05928121682239862,0.0006864530653266347,2.2967969357523543e-06,0.0007737691766344972,0.022789033226331412,-3.445195403628531e-10,0.00010078518526615416,178.35093149671297,0.0004096358729502284,6.144538094253425e-08,False,False,False,잡음+비율,4050,279,0.32851672172546387
main,200,5,10.0,False,200~400,1.0,0.0006896551724137932,5.000000000000001e-07,0.00345,1.0,False,0.056063284601236774,0.05925523760629403,0.0006864530653266347,7.133182805318938e-06,0.0007813370602325699,0.022334882629195363,-1.0699774207978407e-09,0.00031937408956851627,178.369855978424,0.0012723447896525095,1.908517184478764e-07,False,False,False,잡음+비율,3726,279,0.27146315574645996
boundary,200,7,10.0,False,200~400,1.0,0.0006896551724137932,5.000000000000001e-07,0.00345,1.0,False,0.05604221643670826,0.05920890593421291,0.0006864530653266347,1.559575287046755e-05,0.0007813370602325699,0.02233488203444267,-2.3393629305701323e-09,0.0006982688713742613,178.4369112398255,0.0027828579706658716,4.1742869559988073e-07,False,False,False,잡음+비율,3483,279,0.2648496627807617
main,200,10,10.0,False,200~400,1.0,0.0006896551724137932,5.000000000000001e-07,0.00345,1.0,False,0.05600793807241189,0.05912008680490999,0.0006864530653266347,3.713827783258239e-05,0.0007813370602325699,0.02233488381625648,-5.570741674887358e-09,0.0016627925239329536,178.5461194281271,0.00663089538925122,9.946343083876829e-07,False,False,False,잡음+비율,3159,279,0.25417184829711914
boundary,200,14,10.0,False,200~400,1.0,0.0006896551724137932,5.000000000000001e-07,0.00345,1.0,False,0.05593519093758914,0.05894389789966681,0.0006864530653266347,8.774447502446492e-05,0.0007813370602325699,0.022333469358898128,-1.3161671253669736e-08,0.003928833161315605,178.77832956997875,0.015686810673868557,2.3530216010802835e-06,False,False,False,잡음+비율,2997,279,0.2636067867279053
main,200,20,10.0,False,200~400,1.0,0.0006896551724137932,5.000000000000001e-07,0.00345,1.0,False,0.05588407996856404,0.058827601606083135,0.0006864530653266347,0.00023394499493178955,0.0007813370602325699,0.022330953003120158,-3.509174923976843e-08,0.010476265607612088,178.94183827711234,0.04186254744882415,6.279382117323622e-06,True,False,False,비율,3159,279,0.27367305755615234
boundary,200,25,10.0,False,200~400,1.0,0.0006896551724137932,5.000000000000001e-07,0.00345,1.0,False,0.05586263584655171,0.058782379818296704,0.0006864530653266347,0.00044244870315424123,0.0007889049438306427,0.021902359858870568,-6.636730547313618e-08,0.020200960353367915,179.0105291033681,0.07920297645273977,1.1880446467910964e-05,True,True,True,,3321,279,0.2743263244628906
main,200,30,10.0,False,200~400,1.0,0.0006896551724137932,5.000000000000001e-07,0.00345,1.0,False,0.055875021134227154,0.05881854314412749,0.0006864530653266347,0.0008061761732847117,0.0007889049438306427,0.02190236383660249,-1.2092642599270675e-07,0.03680772446750507,178.97084953180155,0.1442820346050617,2.164230519075925e-05,True,True,True,,3321,279,0.2524850368499756
boundary,200,35,10.0,False,200~400,1.0,0.0006896551724137932,5.000000000000001e-07,0.00345,1.0,False,0.05587944753165175,0.058838251821612175,0.0006864530653266347,0.0015049880375954672,0.0007964728274287154,0.02149967511502382,-2.2574820563932005e-07,0.07000050138170656,178.9566726538538,0.26932765159193783,4.0399147738790674e-05,True,True,True,,3483,279,0.27196240425109863
main,200,40,10.0,False,200~400,1.0,0.0006896551724137932,5.000000000000001e-07,0.00345,1.0,False,0.05587502113417031,0.05881854314412749,0.0006864530653266347,0.014337072030230047,0.0010895984530672844,0.013513337471977138,-2.150560804534507e-06,1.0609571514040186,178.97084953198362,2.565917961051513,0.0003848876941577269,True,True,True,,3321,279,0.2522866725921631
main,200,80,10.0,True,200~400,1.0,0.0006896551724137932,5.000000000000001e-07,0.00345,1.0,False,0.05587502113417031,0.05881854314412749,0.0006864530653266347,0.01482708711256464,0.0010895984530672844,0.013513337471977138,-2.224063066884696e-06,1.0972187398791637,178.97084953198362,2.6536163766204197,0.0003980424564930629,True,True,True,,3321,279,0.25121045112609863
main,400,2,10.0,False,400~500,1.0,0.0027586206896551726,9.000000000000001e-07,0.0138,1.0,False,0.03448700814919903,0.035937078056406335,0.0027458122613065387,2.6454529233888024e-07,0.0031253482409302796,0.013614227175139604,-3.968179385083203e-11,1.9431532097683505e-05,289.9642658689792,7.67086814821379e-05,1.1506302222320684e-08,False,False,False,잡음+비율,4189,279,0.3346848487854004
boundary,400,3,10.0,False,400~500,1.0,0.0027586206896551726,9.000000000000001e-07,0.0138,1.0,False,0.03449025301028996,0.0359356292072448,0.0027458122613065387,6.371762424350891e-07,0.0031253482409302796,0.013614236371950028,-9.557643636526336e-11,4.680220212335152e-05,289.93698587878026,0.00018474095920519669,2.77111438807795e-08,False,False,False,잡음+비율,3905,279,0.3130614757537842
main,400,5,10.0,False,400~500,1.0,0.0027586206896551726,9.000000000000001e-07,0.0138,1.0,False,0.034487578802668395,0.03592394137712063,0.0027458122613065387,2.0336309489721316e-06,0.0031556197753225706,0.013257872976851104,-3.050446423458197e-10,0.0001533904384604492,289.9594679353447,0.0005896705479408094,8.84505821911214e-08,False,False,False,잡음+비율,3621,279,0.3038794994354248
boundary,400,7,10.0,False,400~500,1.0,0.0027586206896551726,9.000000000000001e-07,0.0138,1.0,False,0.03447808317611134,0.03590307725494313,0.0027458122613065387,4.557443105568382e-06,0.0031556197753225706,0.013257854382004552,-6.836164658352572e-10,0.00034375419839837676,290.03932582100884,0.0013218377258066582,1.982756588709987e-07,False,False,False,잡음+비율,3408,279,0.2870035171508789
main,400,10,10.0,False,400~500,1.0,0.0027586206896551726,9.000000000000001e-07,0.0138,1.0,False,0.034462658648976685,0.03586310956205807,0.0027458122613065387,1.1204749341686693e-05,0.0031858913097148616,0.012922493948337888,-1.6807124012530037e-09,0.0008670732899145885,290.1691393532964,0.0032512724731466416,4.876908709719962e-07,False,False,False,잡음+비율,3124,279,0.2587263584136963
boundary,400,14,10.0,False,400~500,1.0,0.0027586206896551726,9.000000000000001e-07,0.0138,1.0,False,0.03443038169086776,0.035784284084968476,0.0027458122613065387,2.7427287420778157e-05,0.0031858913097148616,0.012922101603862757,-4.114093113116723e-09,0.0021225098100590245,290.4411600714952,0.007966013176105135,1.19490197641577e-06,False,False,False,잡음+비율,2982,279,0.26960277557373047
main,400,20,10.0,False,400~500,1.0,0.0027586206896551726,9.000000000000001e-07,0.0138,1.0,False,0.03440772752674093,0.03573229665482813,0.0027458122613065387,7.594966365331857e-05,0.0032161628441071525,0.012604538233233598,-1.1392449547997783e-08,0.00602558080652783,290.6323875131893,0.022073432078387672,3.3110148117581506e-06,True,False,False,비율,3124,279,0.27625584602355957
boundary,400,25,10.0,False,400~500,1.0,0.0027586206896551726,9.000000000000001e-07,0.0138,1.0,False,0.034398140015298395,0.03571200921817308,0.0027458122613065387,0.00014730378114791165,0.0032464343784994435,0.012303843586437324,-2.2095567172186746e-08,0.01197217602069376,290.71339309487524,0.042823182033214315,6.423477304982147e-06,True,False,False,비율,3266,279,0.287121057510376
main,400,30,10.0,False,400~500,1.0,0.0027586206896551726,9.000000000000001e-07,0.0138,1.0,False,0.03440375209913782,0.035728321337785474,0.0027458122613065387,0.00027343008474645103,0.0032464343784994435,0.01230389336336657,-4.101451271196765e-08,0.022223053847374663,290.6659707111018,0.07947682100444602,1.19215231506669e-05,True,True,True,,3266,279,0.26383209228515625
boundary,400,35,10.0,False,400~500,1.0,0.0027586206896551726,9.000000000000001e-07,0.0138,1.0,False,0.034405662827794004,0.035737109018612045,0.0027458122613065387,0.0005197330681312451,0.0032767059128917344,0.01201818881077088,-7.795996021968676e-08,0.04324554026522304,290.6498284904913,0.1510603271131832,2.265904906697748e-05,True,True,True,,3408,279,0.2753722667694092
main,400,40,10.0,False,400~500,1.0,0.0027586206896551726,9.000000000000001e-07,0.0138,1.0,False,0.03440375209919466,0.03572832133784232,0.0027458122613065387,0.00655393485874356,0.004030978438187206,0.007498205825072546,-9.830902288115339e-07,0.8740670783974045,290.66597071062154,1.905005837690877,0.0002857508756536315,True,True,True,,3266,279,0.27976489067077637
main,400,80,10.0,True,400~500,1.0,0.0027586206896551726,9.000000000000001e-07,0.0138,1.0,False,0.03440375209919466,0.03572832133784232,0.0027458122613065387,0.006793734377481542,0.004097057401363468,0.0072399721707938625,-1.0190601566222313e-06,0.93836470876056,290.66597071062154,1.9747073975807925,0.00029620610963711886,True,True,True,,3266,279,0.2620124816894531
thickness,20,20,1,False,20~40,1.0,6.8965517241379325e-06,5.0000000000000004e-08,3.45e-05,1.0,False,0.2455479291068059,0.27536624004721943,6.864530653266309e-06,0.0095431542647475,7.586334094383471e-06,0.05340384979410828,-1.4314731397121248e-06,0.17869787106247792,40.725246742562845,0.38864731213418285,5.8297096820127424e-05,True,True,True,,5808,279,0.4430668354034424
thickness,20,20,10,False,20~40,1.0,6.8965517241379325e-06,5.0000000000000004e-08,3.45e-05,1.0,False,0.24519067662572525,0.27486837546200604,6.864530653266309e-06,0.008472301988661002,7.662012930364198e-06,0.05047685229737908,-1.2708452982991502e-06,0.1678452915159472,40.78458503242617,0.345539320876938,5.183089813154069e-05,True,True,True,,4653,279,0.35993313789367676
thickness,20,20,40,False,20~40,1.0,6.8965517241379325e-06,5.0000000000000004e-08,3.45e-05,1.0,False,0.24470528031054073,0.27411206387262155,6.864530653266309e-06,0.0058131403032462,7.737691766344925e-06,0.04792942731336325,-8.7197104548693e-07,0.12128541126184984,40.86548515548828,0.23755679876907823,3.563351981536173e-05,True,True,True,,4191,279,0.32292985916137695
thickness,20,40,1,False,20~40,1.0,6.8965517241379325e-06,5.0000000000000004e-08,0.000138,4.0,False,0.24552650011059995,0.27534495385657465,6.864530653266309e-06,0.038989963014387286,3.3945645434972674e-05,0.009886511651529872,-5.8484944521580925e-06,3.9437533063903127,40.728801149755306,1.5880144504492937,0.00023820216756739404,True,True,True,,5984,311,0.9112205505371094
thickness,20,40,10,False,20~40,1.0,6.8965517241379325e-06,5.0000000000000004e-08,0.000138,4.0,False,0.2451692511181136,0.27484709273255703,6.864530653266309e-06,0.036410588886042206,4.198168446201368e-05,0.008665776162388283,-5.46158833290633e-06,4.20165351651634,40.78814922505255,1.4851205328559294,0.00022276807992838938,True,True,True,,4794,311,0.7241053581237793
thickness,20,40,40,False,20~40,1.0,6.8965517241379325e-06,5.0000000000000004e-08,0.000138,4.0,False,0.24468386797320818,0.2740907941927162,6.864530653266309e-06,0.027125664202060307,4.8854735601880234e-05,0.007893339092902352,-4.068849630309046e-06,3.436525896429758,40.86906130278665,1.1086004331528079,0.00016629006497292118,True,True,True,,4318,311,0.6741034984588623
thickness,100,20,1,False,100~200,1.0,0.0001724137931034483,2.0000000000000002e-07,0.0008620689655172415,1.0,False,0.0644687757192628,0.06917836362572416,0.00017161326633165867,0.0003605919564506621,0.00019722623595766066,0.021152860334154866,-5.408879346759931e-08,0.01704695964301459,155.1138498976036,0.05593280660717121,8.389920991075681e-06,True,False,False,비율,3710,279,0.3074488639831543
thickness,100,20,10,False,100~200,1.0,0.0001724137931034483,2.0000000000000002e-07,0.0008620689655172415,1.0,False,0.06446742551804618,0.0691770045289104,0.00017161326633165867,0.0004693329548786096,0.00019911820685717885,0.02081831235233267,-7.039994323179144e-08,0.022544236388403565,155.11709859114396,0.07280156623397821,1.092023493509673e-05,True,True,True,,3115,279,0.2355513572692871
thickness,100,20,40,False,100~200,1.0,0.0001724137931034483,2.0000000000000002e-07,0.0008620689655172415,1.0,False,0.06446599612206683,0.06917557244452155,0.00017161326633165867,0.0008580406280316311,0.00020758942226071703,0.01951272153462469,-1.2870609420474466e-07,0.04397339584378662,155.12053798199176,0.1330997238306727,1.9964958574600905e-05,True,True,True,,2625,279,0.20125627517700195
thickness,100,40,1,False,100~200,1.0,0.0001724137931034483,2.0000000000000002e-07,0.0008620689655172415,1.0,False,0.0644623309913186,0.06917191948934942,0.00017161326633165867,0.018191259404090943,0.0003360557765056014,0.011410243450882263,-2.728688910613641e-06,1.5942919607630597,155.1293576607824,2.8219983863972953,0.00042329975795959426,True,True,True,,3816,279,0.27930355072021484
thickness,100,40,10,False,100~200,1.0,0.0001724137931034483,2.0000000000000002e-07,0.0008620689655172415,1.0,False,0.06446098049627835,0.06917056009837097,0.00017161326633165867,0.018368996129197512,0.00036310116829511765,0.010615604085160157,-2.7553494193796265e-06,1.7303769038331067,155.1326077110687,2.8496302705569367,0.00042744454058354047,True,True,True,,3204,279,0.2614917755126953
thickness,100,40,40,False,100~200,1.0,0.0001724137931034483,2.0000000000000002e-07,0.0008620689655172415,1.0,False,0.06445955101673917,0.06916912793002439,0.00017161326633165867,0.016879435341252247,0.0003811314294881285,0.010155031194244657,-2.531915301187837e-06,1.6621746421437515,155.13604799082685,2.6186088911585674,0.0003927913336737851,True,True,True,,2700,279,0.2174394130706787
thickness,400,20,1,False,400~500,1.0,0.0027586206896551726,9.000000000000001e-07,0.0138,1.0,False,0.03440767468998729,0.03573224010153808,0.0027458122613065387,8.884881651738397e-05,0.0032767059128917344,0.01201895430466493,-1.3327322477607593e-08,0.00739239157294233,290.63283381105737,0.025822383325205985,3.873357498780897e-06,True,False,False,비율,3960,279,0.3257269859313965
thickness,400,20,10,False,400~500,1.0,0.0027586206896551726,9.000000000000001e-07,0.0138,1.0,False,0.03440772752674093,0.03573229665482813,0.0027458122613065387,7.594966365331857e-05,0.0032161628441071525,0.012604538233233598,-1.1392449547997783e-08,0.00602558080652783,290.6323875131893,0.022073432078387672,3.3110148117581506e-06,True,False,False,비율,3124,279,0.2500619888305664
thickness,400,20,40,False,400~500,1.0,0.0027586206896551726,9.000000000000001e-07,0.0138,1.0,False,0.03440281254279398,0.035727379712909624,0.0027458122613065387,0.00013725992710078572,0.0032161628441071525,0.012599571172586366,-2.0588989065117855e-08,0.010894015774078905,290.6739089300012,0.039897879549832385,5.984681932474857e-06,True,False,False,비율,2640,279,0.21510076522827148
thickness,400,40,1,False,400~500,1.0,0.0027586206896551726,9.000000000000001e-07,0.0138,1.0,False,0.03440369926056519,0.03572826478244906,0.0027458122613065387,0.0062859289255357,0.003964899475010945,0.007771395250642854,-9.428893388303548e-07,0.8088546165523783,290.6664171274853,1.8271084391034853,0.0002740662658655228,True,True,True,,4140,279,0.32881951332092285
thickness,400,40,10,False,400~500,1.0,0.0027586206896551726,9.000000000000001e-07,0.0138,1.0,False,0.03440375209919466,0.03572832133784232,0.0027458122613065387,0.00655393485874356,0.004030978438187206,0.007498205825072546,-9.830902288115339e-07,0.8740670783974045,290.66597071062154,1.905005837690877,0.0002857508756536315,True,True,True,,3266,279,0.26022815704345703
thickness,400,40,40,False,400~500,1.0,0.0027586206896551726,9.000000000000001e-07,0.0138,1.0,False,0.034398825978541936,0.03572339325887697,0.0027458122613065387,0.0065001580181842655,0.00416313636453973,0.006990984069602746,-9.750237027276398e-07,0.9297915648881787,290.70759584173084,1.8896453100576975,0.00028344679650865463,True,True,True,,2760,279,0.22582197189331055
pulse,20,20,10.0,False,20~40,0.25,1.7241379310344831e-06,5.0000000000000004e-08,3.45e-05,1.0,False,0.8635602054461629,0.9831358662289063,1.7161326633165773e-06,0.012956069088261302,2.9680679423299595e-06,0.0732038136987967,-1.9434103632391952e-06,0.17698625841503487,11.579968526726459,0.15003087227215944,2.2504630840823915e-05,True,True,True,,5343,311,0.45795512199401855
pulse,20,20,10.0,False,20~40,0.5,3.4482758620689663e-06,5.0000000000000004e-08,3.45e-05,1.0,False,0.4628749470390403,0.5221941097124159,3.4322653266331545e-06,0.011244400496366325,4.375412661613004e-06,0.0663830681880313,-1.6866600744549485e-06,0.16938657406609087,21.60410725179423,0.24292523430562635,3.643878514584395e-05,True,True,True,,4620,295,0.3754079341888428
pulse,20,20,10.0,False,20~40,1.0,6.8965517241379325e-06,5.0000000000000004e-08,3.45e-05,1.0,False,0.24519067662572525,0.27486837546200604,6.864530653266309e-06,0.008472301988661002,7.662012930364198e-06,0.05047685229737908,-1.2708452982991502e-06,0.1678452915159472,40.78458503242617,0.345539320876938,5.183089813154069e-05,True,True,True,,4653,279,0.33064889907836914
pulse,20,20,10.0,False,20~40,2.0,1.3793103448275865e-05,5.0000000000000004e-08,6.896551724137933e-05,1.0,False,0.13165183957551108,0.14649174049782232,1.3729061306532618e-05,0.005672843646948422,1.4353109547738642e-05,0.03895713181498195,-8.509265470422633e-07,0.1456175899676163,75.95792077226794,0.43089740828837175,6.463461124325576e-05,True,True,True,,4620,279,0.3268606662750244
pulse,20,20,10.0,False,20~40,4.0,2.758620689655173e-05,5.0000000000000004e-08,0.00013793103448275865,1.0,False,0.07203121932781187,0.07945140847158427,2.7458122613065236e-05,0.0034477214637718134,2.7874154773869252e-05,0.03399289428364227,-5.17158219565772e-07,0.10142476939455232,138.8286925213678,0.4786426629932972,7.179639944899458e-05,True,True,True,,4092,279,0.2911965847015381
pulse,20,40,10.0,False,20~40,0.25,1.7241379310344831e-06,5.0000000000000004e-08,0.000138,4.0,False,0.8635535478881025,0.9831297616265147,1.7161326633165773e-06,0.03617688112871065,3.99693508716058e-05,0.008583366176651452,-5.426532169306597e-06,4.214766140016176,11.580057802386309,0.41893037458052773,6.283955618707915e-05,True,True,True,,6165,339,1.3866817951202393
pulse,20,40,10.0,False,20~40,0.5,3.4482758620689663e-06,5.0000000000000004e-08,0.000138,4.0,False,0.46286696426420804,0.5221863842689345,3.4322653266331545e-06,0.03641549516214582,4.020812287717564e-05,0.008664536845344628,-5.462324274321872e-06,4.202820740696776,21.604479844217014,0.7867378312477615,0.00011801067468716421,True,True,True,,4760,325,0.7883150577545166
pulse,20,40,10.0,False,20~40,1.0,6.8965517241379325e-06,5.0000000000000004e-08,0.000138,4.0,False,0.2451692511181136,0.27484709273255703,6.864530653266309e-06,0.036410588886042206,4.198168446201368e-05,0.008665776162388283,-5.46158833290633e-06,4.20165351651634,40.78814922505255,1.4851205328559294,0.00022276807992838938,True,True,True,,4794,311,0.7052750587463379
pulse,20,40,10.0,False,20~40,2.0,1.3793103448275865e-05,5.0000000000000004e-08,6.896551724137933e-05,1.0,False,0.131635278118722,0.14647519830521105,1.3729061306532618e-05,0.03639066658928414,4.5312212612685015e-05,0.008711504349889765,-5.45859998839262e-06,4.177311418061178,75.96747728204737,2.764507137400003,0.00041467607061000043,True,True,True,,4760,279,0.31982874870300293
pulse,20,40,10.0,False,20~40,4.0,2.758620689655173e-05,5.0000000000000004e-08,0.00013793103448275865,1.0,False,0.0720220703861969,0.07944226323189696,2.7458122613065236e-05,0.03631359066832829,5.376892424089604e-05,0.008631290040739259,-5.447038600249243e-06,4.2072031523596065,138.84632788779854,5.04200871671801,0.0007563013075077015,True,True,True,,4216,279,0.2892649173736572
pulse,100,20,10.0,False,100~200,0.25,4.310344827586207e-05,2.0000000000000002e-07,0.0008619999999999999,1.0,False,0.1971382140826563,0.21597600944670603,4.290331658291467e-05,0.000599317143553435,8.852150942465306e-05,0.025623366620720844,-8.989757153301525e-08,0.02338947697328677,50.725832363517256,0.03040086095647355,4.560129143471033e-06,True,True,True,,4305,310,0.3743596076965332
pulse,100,20,10.0,False,100~200,0.5,8.620689655172414e-05,2.0000000000000002e-07,0.0008619999999999999,1.0,False,0.11164245835766451,0.12106152613608856,8.580663316582934e-05,0.0005584955416679804,0.00012183814099483386,0.02412346256141973,-8.377433125019706e-08,0.02315154966854441,89.57165711958257,0.05002537116109988,7.503805674164982e-06,True,True,True,,3640,295,0.2834029197692871
pulse,100,20,10.0,False,100~200,1.0,0.0001724137931034483,2.0000000000000002e-07,0.0008620689655172415,1.0,False,0.06446742551804618,0.0691770045289104,0.00017161326633165867,0.0004693329548786096,0.00019911820685717885,0.02081831235233267,-7.039994323179144e-08,0.022544236388403565,155.11709859114396,0.07280156623397821,1.092023493509673e-05,True,True,True,,3115,279,0.22463393211364746
pulse,100,20,10.0,False,100~200,2.0,0.0003448275862068966,2.0000000000000002e-07,0.001724137931034483,1.0,False,0.037798053607446036,0.04015286177275357,0.00034322653266331734,0.0003379700912660155,0.00036394998019989507,0.016454272534190295,-5.069551368990232e-08,0.0205399594885613,264.5638874386391,0.08941468118332871,1.3412202177499305e-05,True,True,True,,2997,279,0.21732759475708008
pulse,100,20,10.0,False,100~200,4.0,0.0006896551724137932,2.0000000000000002e-07,0.003448275862068966,1.0,False,0.02235518017096183,0.023532588304590263,0.0006864530653266347,0.00021270828051456192,0.0007003208040201021,0.01235134785019909,-3.190624207718429e-08,0.017221463041471485,447.3236146398614,0.09514943690360343,1.4272415535540513e-05,True,False,False,비율,3003,279,0.21641016006469727
pulse,100,40,10.0,False,100~200,0.25,4.310344827586207e-05,2.0000000000000002e-07,0.0008619999999999999,1.0,False,0.19711564201736564,0.21595344308093445,4.290331658291467e-05,0.018475230390492925,0.00028386381269966877,0.010827680268675977,-2.7712845585739387e-06,1.7062962640244363,50.731641069454106,0.9372787568459575,0.0001405918135268936,True,True,True,,4428,310,0.37782812118530273
pulse,100,40,10.0,False,100~200,0.5,8.620689655172414e-05,2.0000000000000002e-07,0.0008619999999999999,1.0,False,0.11163043014107643,0.12104949963537592,8.580663316582934e-05,0.018452925698227318,0.000302880228319338,0.010937459440242492,-2.7679388547340975e-06,1.687130891688884,89.58130849591987,1.653037229625189,0.0002479555844437783,True,True,True,,3744,295,0.3008239269256592
pulse,100,40,10.0,False,100~200,1.0,0.0001724137931034483,2.0000000000000002e-07,0.0008620689655172415,1.0,False,0.06446098049627835,0.06917056009837097,0.00017161326633165867,0.018368996129197512,0.00036310116829511765,0.010615604085160157,-2.7553494193796265e-06,1.7303769038331067,155.1326077110687,2.8496302705569367,0.00042744454058354047,True,True,True,,3204,279,0.23274827003479004
pulse,100,40,10.0,False,100~200,2.0,0.0003448275862068966,2.0000000000000002e-07,0.001724137931034483,1.0,False,0.037791771148022235,0.04014657968394886,0.00034322653266331734,0.01804563069174492,0.00048735256397933543,0.010155104903674328,-2.7068446037617373e-06,1.7770009136208562,264.6078682269786,4.77501586815396,0.0007162523802230939,True,True,True,,3159,279,0.22659063339233398
pulse,100,40,10.0,False,100~200,4.0,0.0006896551724137932,2.0000000000000002e-07,0.003448275862068966,1.0,False,0.022351557858712567,0.02352896614098654,0.0006864530653266347,0.01711677414652968,0.0007889049438306427,0.008760171994708799,-2.5675161219794516e-06,1.953931287749638,447.3961082807493,7.657978139477922,0.001148696720921688,True,True,True,,3157,279,0.23291707038879395
pulse,400,20,10.0,False,400~500,0.25,0.0006896551724137932,9.000000000000001e-07,0.0138,1.0,False,0.1005932998756407,0.10589164332748169,0.0006864530653266347,8.530733447287275e-05,0.0014524046731804706,0.017187835955610353,-1.2796100170930913e-08,0.004963238809887945,99.41019941052319,0.008480419131128479,1.2720628696692718e-06,False,False,False,잡음+비율,4092,311,0.36183857917785645
pulse,400,20,10.0,False,400~500,0.5,0.0013793103448275863,9.000000000000001e-07,0.0138,1.0,False,0.05943537295547685,0.06208453635440492,0.0013729061306532694,8.14308768894989e-05,0.0019824497375054723,0.015753442437585363,-1.2214631533424834e-08,0.005169084611958652,168.24997476655895,0.013700742981876958,2.0551114472815437e-06,False,False,False,잡음+비율,3960,295,0.32552075386047363
pulse,400,20,10.0,False,400~500,1.0,0.0027586206896551726,9.000000000000001e-07,0.0138,1.0,False,0.03440772752674093,0.03573229665482813,0.0027458122613065387,7.594966365331857e-05,0.0032161628441071525,0.012604538233233598,-1.1392449547997783e-08,0.00602558080652783,290.6323875131893,0.022073432078387672,3.3110148117581506e-06,True,False,False,비율,3124,279,0.23139405250549316
pulse,400,20,10.0,False,400~500,2.0,0.005517241379310345,9.000000000000001e-07,0.027586206896551727,1.0,False,0.019148679765066845,0.019810949351494855,0.0054916245226130775,6.123587110096196e-05,0.0058641776152497365,0.008650450910295149,-9.185380665144293e-09,0.007078922444156454,522.2292148956982,0.031979160888509536,4.79687413327643e-06,True,False,False,비율,2898,279,0.2351844310760498
pulse,400,20,10.0,False,400~500,4.0,0.01103448275862069,9.000000000000001e-07,0.055172413793103454,1.0,False,0.010250809314925391,0.010581936861512986,0.010983249045226155,4.2868613036262104e-05,0.011260603819095502,0.005503185811221556,-6.4302919554393155e-09,0.007789781138926591,975.532730419616,0.041819735124566715,6.272960268685007e-06,True,False,False,비율,2891,279,0.226104736328125
pulse,400,40,10.0,False,400~500,0.25,0.0006896551724137932,9.000000000000001e-07,0.0138,1.0,False,0.10057839799424073,0.10587674207226883,0.0006864530653266347,0.006800284009955249,0.0025804730224751535,0.008309416534075353,-1.0200426014932872e-06,0.8183828530040061,99.42492820946119,0.6761177494937475,0.00010141766242406212,True,True,True,,4278,311,0.4630308151245117
pulse,400,40,10.0,False,400~500,0.5,0.0013793103448275863,9.000000000000001e-07,0.0138,1.0,False,0.05942735826954504,0.062076521925348516,0.0013729061306532694,0.006739282738635666,0.003049051435905028,0.007976119033287432,-1.0108924107953497e-06,0.8449325681462413,168.27266584260633,1.1340370722972841,0.0001701055608445926,True,True,True,,4140,295,0.39964771270751953
pulse,400,40,10.0,False,400~500,1.0,0.0027586206896551726,9.000000000000001e-07,0.0138,1.0,False,0.03440375209919466,0.03572832133784232,0.0027458122613065387,0.00655393485874356,0.004030978438187206,0.007498205825072546,-9.830902288115339e-07,0.8740670783974045,290.66597071062154,1.905005837690877,0.0002857508756536315,True,True,True,,3266,279,0.25650882720947266
pulse,400,40,10.0,False,400~500,2.0,0.005517241379310345,9.000000000000001e-07,0.027586206896551727,1.0,False,0.01914670435962762,0.01980897399823789,0.0054916245226130775,0.005981161501040333,0.006371782619429723,0.006213224063458256,-8.971742251560499e-07,0.9626502183008739,522.2830943734532,3.123859536710713,0.0004685789305066069,True,True,True,,3024,279,0.2360677719116211
pulse,400,40,10.0,False,400~500,4.0,0.01103448275862069,9.000000000000001e-07,0.055172413793103454,1.0,False,0.01025032999166342,0.010581457553143991,0.010983249045226155,0.004850224586107288,0.011646399366396642,0.004185009575735421,-7.275336879160932e-07,1.158951849054006,975.5783480271353,4.731774089275144,0.0007097661133912715,True,True,True,,2950,279,0.23170948028564453
