set,depth_um,half_width_um,thickness_um,offset_um,beam,pump_w_um,probe_w_um,tau_p_s,energy_J,window_s,peak_at_window_end,dT_base_max_K,void_minus_base_K,t_peak_s,base_at_peak_K,dRR_diff,ratio,is_3d,n_cells,wall_s,scale,scaled_void_minus_base_K,scaled_dRR_diff,noise_ok,ratio_ok,detectable,limiting
depth5,5.0,10.0,2.5,0,gaussian,10.0,5.0,4.310344827586208e-07,1e-08,2.16e-06,False,0.561504608403709,0.11974494261551172,5.072553716405351e-07,0.2383717009099655,-1.7961741392326755e-05,0.5023454636535909,False,8060,1.2780544757843018,17.80929283631138,2.13257274870695,0.00031988591230604246,True,True,True,
depth5,5.0,10.0,2.5,5,gaussian,10.0,5.0,4.310344827586208e-07,1e-08,2.16e-06,False,0.5615049155319412,0.09311614840515858,5.072553716405351e-07,0.23837169635794453,-1.3967422260773787e-05,0.39063424822606957,True,96720,109.05219984054565,17.809283095102575,1.6583318476730533,0.000248749777150958,True,True,True,
depth5,5.0,10.0,2.5,10,gaussian,10.0,5.0,4.310344827586208e-07,1e-08,2.16e-06,False,0.5615042050907277,0.039009124554638674,5.189735556517895e-07,0.22250997882088086,-5.8513686831958006e-06,0.17531404551541832,True,106020,109.61362934112549,17.809305628235148,0.6947254214834524,0.00010420881322251785,True,True,True,
depth5,5.0,10.0,2.5,15,gaussian,10.0,5.0,4.310344827586208e-07,1e-08,2.16e-06,False,0.5615200792464066,0.008922792809471503,5.782161909852934e-07,0.16623524914916743,-1.3384189214207252e-06,0.05367569667167784,True,156240,284.2937488555908,17.808802159702992,0.15890425185589843,2.3835637778384763e-05,True,True,True,
depth5,5.0,10.0,2.5,20,gaussian,10.0,5.0,4.310344827586208e-07,1e-08,2.16e-06,False,0.5615014836808427,0.0014590530375357957,7.950637882814736e-07,0.08277878405226602,-2.1885795563036934e-07,0.01762592981088679,True,198090,505.78776025772095,17.809391943982817,0.02598484741253366,3.897727111880048e-06,True,False,False,비율
depth5,5.0,10.0,2.5,25,gaussian,10.0,5.0,4.310344827586208e-07,1e-08,2.16e-06,False,0.5614990569239922,0.0003039725000917315,1.2192176492458446e-06,0.03773704391528554,-4.559587501375972e-08,0.008055016200370857,True,235600,745.8313407897949,17.80946891484033,0.005413588791349991,8.120383187024986e-07,False,False,False,잡음+비율
depth5,5.0,10.0,2.5,30,gaussian,10.0,5.0,4.310344827586208e-07,1e-08,2.16e-06,False,0.5615012523456926,8.503306111151687e-05,1.8308558678921785e-06,0.019136732363165265,-1.275495916672753e-08,0.004443447266639422,True,250635,1247.187659740448,17.80939928134554,0.00151438773745006,2.27158160617509e-07,False,False,False,잡음+비율
depth20,20.0,10.0,10.0,0,gaussian,10.0,5.0,6.8965517241379325e-06,5.0000000000000004e-08,3.45e-05,False,0.24627957893312669,0.001997275234771223,7.483889264254934e-06,0.05831765440802883,-2.9959128521568344e-07,0.0342482093123459,False,4653,0.7582488059997559,40.60425977387001,0.08109788247256795,1.2164682370885192e-05,True,True,True,
depth20,20.0,10.0,10.0,5,gaussian,10.0,5.0,6.8965517241379325e-06,5.0000000000000004e-08,3.45e-05,False,0.2461899520308748,0.0019080747113093821,7.483889264254934e-06,0.05823164011087556,-2.862112066964073e-07,0.03276697526767794,True,62604,99.85497641563416,40.61904199382555,0.07750416682603235,1.1625625023904851e-05,True,True,True,
depth20,20.0,10.0,10.0,10,gaussian,10.0,5.0,6.8965517241379325e-06,5.0000000000000004e-08,3.45e-05,False,0.24614309153128033,0.0015811631864153242,7.586334094383471e-06,0.053403848326183834,-2.371744779622986e-07,0.029607663791526462,True,67680,127.45713925361633,40.626775010377166,0.06423756102918643,9.635634154377963e-06,True,True,True,
depth20,20.0,10.0,10.0,15,gaussian,10.0,5.0,6.8965517241379325e-06,5.0000000000000004e-08,3.45e-05,False,0.24608384764690072,0.0011775820944421866,7.737691766344925e-06,0.0478909781998027,-1.76637314166328e-07,0.024588808554489663,True,101520,258.40856313705444,40.63655577406583,0.04785288045934118,7.1779320689011755e-06,True,True,True,
depth20,20.0,10.0,10.0,25,gaussian,10.0,5.0,6.8965517241379325e-06,5.0000000000000004e-08,3.45e-05,False,0.2460692087249754,0.0005472729822031397,8.415388998627977e-06,0.03469602903857094,-8.209094733047095e-08,0.01577336073804718,True,135360,844.0092105865479,40.63897328648184,0.022240612104166647,3.336091815624997e-06,True,False,False,비율
flat40_probe5,5.0,10.0,2.5,0,flat,40.0,5.0,4.310344827586208e-07,1e-08,2.16e-06,False,0.03683297039572153,0.010577006966741465,5.469265827016255e-07,0.022430499171605334,-1.5865510450112195e-06,0.4715457683675114,False,11935,2.2947583198547363,271.4958878570811,2.871613897306006,0.00043074208459590083,True,True,True,
flat40_probe5,5.0,10.0,2.5,25,flat,40.0,5.0,4.310344827586208e-07,1e-08,2.16e-06,False,0.03683297039032141,0.0002558588118404259,1.0527244770423907e-06,0.01333963666809268,-3.837882177606388e-08,0.01918034337864833,True,238700,614.9389338493347,271.4958878968854,0.06946461529685857,1.0419692294528785e-05,True,False,False,비율
flat40_probe40,5.0,10.0,2.5,0,flat,40.0,40.0,4.310344827586208e-07,1e-08,2.16e-06,False,0.03674207980242272,0.0016567106193292602,5.885410289815843e-07,0.0206960017453639,-2.48506592899389e-07,0.08004979124532491,False,11935,2.199897527694702,272.1674998740984,0.4509027872777139,6.763541809165708e-05,True,True,True,
flat40_probe40,5.0,10.0,2.5,25,flat,40.0,40.0,4.310344827586208e-07,1e-08,2.16e-06,False,0.036742078798738476,0.0008751540115099488,5.988658669778751e-07,0.020352306412235066,-1.312731017264923e-07,0.04300023760372623,True,238700,571.298709154129,272.16750730890453,0.2381884858240511,3.572827287360766e-05,True,True,True,
